Id,Label,lat,lon
202031,Savske stolpnice,46.065769,14.52166
600021,Ajdovščina,46.053623,14.504162
404092,Sostro,46.031799,14.604475
603142,Tbilisijska,46.033871,14.477944
600011,Bavarski dvor,46.05621,14.505406
602112,Privoz,46.044075,14.510882
625061,Iška vas šola,45.944454,14.509523
202051,ZELENA JAMA,46.063641,14.529055
703182,Večna pot,46.050888,14.478593
101021,Parmova,46.06374,14.507465
603141,Tbilisijska,46.033859,14.478345
702021,Študentsko naselje,46.049469,14.488174
803053,LITOSTROJSKA,46.077721,14.488358
404141,Pod Urhom,46.038216,14.589108
804181,PRŽAN,46.088341,14.458852
103203,Litostroj,46.082378,14.496448
103101,Stožice,46.08596,14.513835
803021,Aleja,46.076855,14.482358
204131,Nadgorica,46.097275,14.558282
102031,Gasilska brigada,46.068508,14.516695
104131,Pot v Smrečje,46.109253,14.527655
803082,Kneza Koclja,46.071491,14.480672
303051,Pot na Fužine,46.05624,14.549652
602052,Aškerčeva,46.046673,14.499275
703092,Vič,46.042297,14.477842
403061,Rast,46.046982,14.551457
404181,Dobrunjska c.,46.038628,14.578162
603162,Galjevica,46.033104,14.513184
804092,Na klancu,46.103741,14.462691
614091,Snoj,45.990902,14.456639
602111,Privoz,46.044083,14.511282
104161,ČRNUČE,46.104263,14.536042
802022,Kino Šiška,46.06921,14.490312
803122,Plešičeva,46.082462,14.469025
404102,Krožna pot,46.041298,14.555717
103111,7. septembra,46.089993,14.508611
203142,BTC-Emporium,46.061771,14.544939
804112,Ob daljnovodu,46.112507,14.461884
304101,VEVČE,46.049545,14.593143
602101,Gornji trg,46.045937,14.506128
603012,Jadranska,46.042068,14.489383
203091,Jarše,46.068439,14.536695
104221,GAMELJNE,46.126865,14.497444
600012,Bavarski dvor,46.056549,14.505423
803042,Dravlje,46.083649,14.477962
603082,Veliki štradon,46.037907,14.505477
415031,Veliki Lipoglav,46.00536,14.65318
803152,Draveljska gmajna,46.073975,14.46131
203102,Kodrova,46.069187,14.541571
403042,Štepanja vas,46.047943,14.539081
202011,Viadukt,46.05941,14.520622
603112,Lahova pot,46.024323,14.51104
603064,Murgle,46.037868,14.500715
602051,Aškerčeva,46.046638,14.498688
202022,Prekmurska,46.064697,14.517199
403051,Emona,46.047771,14.544743
204252,Trbeže,46.076588,14.57598
804032,Podgora,46.093685,14.468711
203112,Kristalna palača,46.066818,14.541902
103161,Maroltova,46.079857,14.519704
404161,OŠ Sostro,46.035236,14.599229
403021,Kodeljevo,46.052147,14.539114
604031,MESTNI LOG,46.030067,14.472399
803014,Remiza,46.074207,14.485511
803112,Čebelarska,46.079277,14.471299
504033,Rudnik,46.018452,14.543306
602031,Hajdrihova,46.045719,14.49046
103201,LITOSTROJ,46.082615,14.497325
803016,Šišenska,46.073738,14.485094
402021,Poliklinika,46.05365,14.519174
602021,Drama,46.049614,14.502458
601011,Pošta,46.051941,14.50335
203081,TOMAČEVO,46.079483,14.536586
203171,NOVE JARŠE,46.069397,14.550605
704061,Na Gmajnici,46.029198,14.439074
803221,Draga,46.068005,14.476573
626011,IŠKA VAS obrač.,45.936985,14.514611
503014,Orlova,46.038559,14.516653
504022,Spodnji Rudnik,46.022934,14.540344
703222,Cesta na Vrhovce,46.041714,14.459835
402012,Hrvatski trg,46.052223,14.518057
201011,ŽELEZNA,46.061039,14.513296
202062,Žale,46.065865,14.527225
601012,Konzorcij,46.051411,14.50305
503051,Mihov štradon,46.029583,14.52111
402022,Poliklinika,46.053356,14.519001
804202,Omersova,46.074108,14.452891
203101,Kodrova,46.069183,14.539748
104181,Ježa,46.100563,14.553404
603044,Koprska,46.035271,14.48346
104102,Kolodvor Črnuče,46.10117,14.524993
803121,Plešičeva,46.081665,14.46937
406012,Šemnikar,46.019398,14.718252
104032,Ježica,46.098118,14.516991
404021,Cesta v Bizovik,46.044617,14.57023
803051,Litostrojska,46.076813,14.488618
405042,Blaževo,46.032246,14.678593
603251,Log,46.027225,14.465927
104191,Šmartno,46.123852,14.478627
303043,ŠTEPANJSKO NAS.,46.053509,14.548228
605012,Ig AP,45.958927,14.527942
103051,Tovarna Lek,46.0793,14.501104
703122,Živalski vrt-ZOO,46.052799,14.471697
404083,Križišče Sostro,46.037548,14.60845
704142,Zgornji log,46.032745,14.462317
202061,Žale,46.066586,14.528299
304074,Polje,46.055119,14.58367
804252,Vižmarje,46.10054,14.459461
104351,Sp. Gameljne 3,46.123848,14.502708
805023,MEDVODE,46.141121,14.411158
104211,Rašica,46.127121,14.492896
614082,Kozler,45.995094,14.465093
404042,Pošta Dobrunje,46.041897,14.586592
304131,Silos,46.057819,14.606205
503011,Strelišče,46.039444,14.516998
304051,FUŽINE P+R,46.052132,14.56595
303071,Brodarjev trg,46.054401,14.553214
804251,Vižmarje,46.100262,14.459461
104182,Ježa,46.100128,14.553823
104372,Stara Ježica,46.093525,14.51538
103173,C. STOŽICE P+R,46.080441,14.52436
703081,Vič Glince,46.043812,14.483852
303024,Zaloška,46.055855,14.54243
604042,Havptmance,45.999866,14.516749
603102,Ilovica,46.027802,14.511615
702032,Svetčeva,46.052963,14.487136
304142,ZD POLJE,46.053219,14.590179
303022,Kajuhova,46.05648,14.540824
405082,Hlebš,46.044754,14.645051
803022,Avtomontaža,46.077312,14.4824
204071,Sneberje,46.077892,14.569179
603022,Gerbičeva,46.040665,14.48985
504031,RUDNIK,46.017994,14.544024
203151,Žito,46.069901,14.545039
301012,Friškovec,46.057533,14.516734
304031,Rusjanov trg,46.054707,14.564023
504121,Bobrova,46.024082,14.532359
745111,Podpeč 1,45.976238,14.423148
804031,Podgora,46.092598,14.469315
104082,Obrtna cona,46.097305,14.54327
804101,Tabor,46.108498,14.461687
502013,Ambrožev trg,46.049774,14.516916
404112,Hruševska,46.038799,14.569472
603032,Krimska,46.036613,14.488987
203092,Jarše,46.068726,14.538576
803081,Kneza Koclja,46.071255,14.480691
804132,Martinova,46.114597,14.464491
801012,Tivoli,46.060333,14.497625
602062,Križanke,46.046017,14.502186
515011,Škofljica špica,45.984352,14.574566
101052,Astra,46.065002,14.509102
745112,Podpeč 1,45.976265,14.423029
402062,Gornje Poljane,46.048725,14.524468
502022,Cukrarna,46.048725,14.520202
804121,BROD,46.115513,14.462748
100021,Razstavišče,46.060692,14.50711
804111,Ob daljnovodu,46.113113,14.461656
802042,Bolnica P. Držaja,46.067883,14.485481
802032,Na jami,46.06662,14.48971
404061,Zadvor,46.040257,14.597719
104321,JEŽICA P+R,46.098248,14.514144
804341,Oval,46.104149,14.449702
425011,Javor-2,46.012527,14.652871
503041,Peruzzijeva,46.02993,14.532611
405032,Besnica šola,46.035179,14.658356
515013,ŠKOFLJICA obrač.,45.979305,14.575409
103192,Božičeva,46.075573,14.520941
803052,Litostrojska,46.076759,14.488915
503031,Akademija,46.032204,14.52926
103081,N. STOŽICE P+R,46.081921,14.519762
100012,Navje,46.059723,14.509243
804021,Prušnikova,46.089832,14.471766
202092,Središka,46.062981,14.525992
201012,ŽELEZNA,46.061253,14.513248
702031,Svetčeva,46.052612,14.488079
602071,Mirje,46.044579,14.500682
104031,Ježica,46.09745,14.516942
404011,Hrušica,46.045521,14.559455
204401,Ihan Flerin,46.109303,14.621967
204171,BERIČEVO,46.090172,14.613146
406051,Smrekarjevo,46.028759,14.726521
803102,Tržnica Koseze,46.074387,14.475812
502031,Streliška,46.044617,14.516821
203061,Tovorni kolodvor,46.061638,14.538949
102042,Stadion,46.069427,14.510455
204101,Novo Polje,46.063267,14.583212
402032,Klinični center,46.052315,14.520921
804042,Šentvid,46.096806,14.46499
804091,Na klancu,46.104271,14.462786
803012,Slovenija avto,46.073914,14.486595
603152,Golouhova,46.031658,14.516356
203041,Šola Jarše,46.066689,14.532968
204142,Belinka,46.091244,14.575473
103122,Čerinova,46.09029,14.512338
700012,Gosposvetska,46.056129,14.502123
405071,Zg. Besnica,46.026161,14.701832
603091,Livada,46.034203,14.511116
804041,Šentvid,46.095272,14.466693
204201,Saturnus,46.067265,14.608861
304141,ZD Polje,46.052444,14.590629
404192,Pot heroja Trtnika,46.043903,14.59494
304071,Polje,46.054028,14.582697
104331,Sp. Gameljne 1,46.116585,14.506045
815112,Kajakaška,46.117931,14.456112
502024,Cukrarna,46.049263,14.519643
745021,Erbežnik,46.002209,14.413485
404142,Pod Urhom,46.03817,14.589188
602022,Drama,46.048771,14.501769
600032,Dalmatinova,46.053883,14.506376
415061,MALI LIPOGLAV,45.992233,14.64786
802012,Stara cerkev,46.064987,14.494161
804082,Kosmačeva,46.101002,14.461034
603181,BARJE P+R,46.026978,14.499829
801011,Tivoli,46.060444,14.497163
404022,Cesta v Bizovik,46.04435,14.570937
804502,Zakrajškova,46.082233,14.443847
604032,Mestni log,46.030689,14.471709
745101,OŠ Jezero,45.971729,14.429117
104342,Sp. Gameljne 2,46.120529,14.503875
304111,Petrol,46.056824,14.601487
804131,Martinova,46.113468,14.464373
415092,Pri Dolencu,46.017673,14.640804
203042,Šola Jarše,46.067261,14.534705
404072,Cesta v Zavoglje,46.040192,14.602766
744021,Japelj,46.011742,14.413038
744011,Šolska,46.017975,14.41521
304061,Studenec,46.054569,14.57584
104171,Zasavska,46.103947,14.545884
805032,Novo naselje,46.141754,14.410059
803091,Zgornja Šiška,46.07011,14.480242
703082,Vič Glince,46.043976,14.483762
104151,OŠ Maksa Pečarja,46.10548,14.534547
203152,Žito,46.069881,14.546728
404171,Pod Sivnikom,46.035954,14.624615
804211,Murkova,46.073624,14.450083
504012,Gornji Rudnik,46.028004,14.535614
603011,Jadranska,46.043617,14.488518
103132,Ruski car,46.09063,14.514007
504052,NS Rudnik,46.020245,14.534812
406032,Prežganje,46.020115,14.741287
204301,Ledena dvorana Zalog,46.062355,14.606994
804161,IMP,46.088715,14.477612
104192,Šmartno,46.12328,14.476823
202082,Flajšmanova,46.064548,14.52911
405061,Besnica kamnolom,46.02047,14.710193
103052,Tovarna Lek,46.079662,14.50143
303062,Archinetova,46.056038,14.556876
100022,Razstavišče,46.061157,14.507648
802011,Stara cerkev,46.063847,14.494407
102071,Vodovodna,46.074688,14.504491
603151,Golouhova,46.031422,14.517055
104201,Zg. Gameljne,46.125935,14.486848
804212,Murkova,46.07428,14.448434
803141,Koseze,46.072159,14.467331
104112,Rogovilc,46.102615,14.531404
602011,Cankarjev dom,46.050785,14.498333
802031,Na jami,46.066616,14.490035
804012,Trata,46.086884,14.47474
304121,Vevče Papirnica,46.047443,14.594364
502014,Ambrožev trg,46.049782,14.516542
504061,NS RUDNIK,46.018353,14.535336
804061,Stanežiče,46.110447,14.445918
404012,Hrušica,46.045238,14.560275
404081,Križišče Sostro,46.037361,14.608246
502011,Poljanska,46.050415,14.514441
703102,Bonifacija,46.040138,14.473077
605081,Ig Petrol,45.964005,14.529804
602092,Ziherlova,46.040382,14.499701
104111,Rogovilc,46.102283,14.529674
415081,Primožev ovinek,45.991776,14.658514
204192,Zeleni gaj,46.066555,14.612916
202091,Središka,46.062641,14.525023
501012,Ilirska,46.052895,14.513903
104052,Sava,46.100777,14.52176
403041,Štepanja vas,46.048023,14.537374
103072,Smelt,46.081985,14.513309
802051,Drenikova,46.067066,14.496106
204102,Novo Polje,46.063282,14.583388
815141,Zavrh,46.135735,14.444083
406072,Lanišče,46.045273,14.709684
415051,Pance,45.988564,14.664058
803011,Slovenija avto,46.073196,14.48622
203191,Yulon,46.062004,14.552727
404162,OŠ Sostro,46.035091,14.599316
104121,Polanškova,46.105934,14.525826
104033,JEŽICA,46.097492,14.516821
703101,Bonifacija,46.039669,14.472675
203071,Nove Žale,46.074604,14.531805
203062,Tovorni kolodvor,46.060337,14.539637
406042,Prežganje šola,46.023411,14.73045
745051,Podpeč,45.973492,14.421047
804022,Prušnikova,46.091019,14.471065
625022,Ig,45.960915,14.518658
504041,Jurčkova,46.026558,14.527631
803062,Ljubljanske brigade,46.081543,14.485271
104172,Zasavska,46.10342,14.54683
103211,Baragova,46.076294,14.515507
204041,Letališka,46.062237,14.569026
101031,Bežigrad,46.06377,14.511703
203044,Šola Jarše,46.065029,14.535752
304082,Polje-kolodvor,46.056973,14.583684
404032,Dobrunje,46.042938,14.580504
404122,Bizovik,46.037426,14.571088
203241,BTC-Merkur,46.063522,14.547042
304041,Chengdujska,46.055176,14.565897
703112,Dolgi most,46.036781,14.465192
803041,Dravlje,46.083961,14.477338
204272,Cesta v Kresnice,46.071602,14.636345
703041,Viško polje,46.045956,14.469599
804081,Kosmačeva,46.100723,14.460546
404202,Sostro - 2,46.033081,14.603621
304081,Polje-kolodvor,46.057392,14.583509
204432,Prelog,46.124191,14.614344
304062,Studenec,46.054173,14.577335
604012,Iški most,46.019913,14.510347
405021,Besnica,46.036663,14.650791
303011,Tržnica Moste,46.05582,14.534534
602032,Hajdrihova,46.045803,14.490064
404172,Pod Sivnikom,46.036026,14.624857
602121,TRNOVO,46.040989,14.509181
102041,Stadion,46.069347,14.510169
404051,KPL,46.041492,14.592139
204491,Goropečnikova,46.094906,14.584497
103062,Pohorskega bataljona,46.081913,14.507374
803222,Draga,46.067978,14.476771
104113,Primožičeva,46.102913,14.530358
204182,Center Zalog,46.061085,14.613663
504042,Jurčkova,46.025879,14.528792
103042,Puhova,46.077114,14.519713
203032,Tomačevska,46.06926,14.527694
614032,Dornig,46.008141,14.496644
402042,Bolnica,46.05442,14.529307
804402,Dolnice,46.082081,14.45029
104163,Črnuče,46.10392,14.534587
103092,Gorjančeva,46.086082,14.507829
402052,Glonarjeva,46.050571,14.527081
415012,Sadinja vas,46.021694,14.612069
804382,Zapuže,46.083443,14.458579
603081,Veliki štradon,46.037743,14.505013
602093,Ziherlova,46.041492,14.500039
204311,Hladilniška,46.062321,14.604221
303061,Archinetova,46.056263,14.555283
103071,Smelt,46.082478,14.513068
202012,Viadukt,46.059574,14.520962
803111,Čebelarska,46.079052,14.471246
203141,BTC-Emporium,46.062088,14.544991
604011,Iški most,46.02002,14.510541
203251,BTC-ATLANTIS,46.063457,14.548297
804071,Medno,46.124161,14.437172
501021,Zmajski most,46.051407,14.510719
704081,Pri Poku,46.024021,14.417821
304032,Rusjanov trg,46.05455,14.562848
816051,SORA obrač.,46.143822,14.366494
105102,SŠ Domžale,46.138428,14.601067
614081,Kozler,45.995037,14.465251
503012,Strelišče,46.03825,14.518193
815142,Zavrh,46.135845,14.444249
204352,Cesta na Kope,46.074177,14.583752
704062,Na Gmajnici,46.029594,14.439837
804201,Omersova,46.074135,14.453938
300015,KOLODVOR,46.05772,14.508122
704041,BOKALCE,46.052052,14.448149
105131,DOMŽALE kolodvor,46.141125,14.592573
304091,Cesta na Vevče,46.054001,14.588969
403062,Rast,46.046795,14.551751
104101,Kolodvor Črnuče,46.101528,14.526121
502021,Cukrarna,46.048363,14.519495
503022,Rakovnik,46.03548,14.524031
204261,Podgrad,46.06855,14.638023
614011,Plečnikova cerkev,46.01247,14.507524
504092,Lavrica,45.996948,14.558049
101051,Astra,46.064857,14.508737
625052,Iška vas,45.940269,14.511465
203052,Kavčičeva,46.064014,14.536492
503052,Mihov štradon,46.028999,14.522042
802052,Drenikova,46.066925,14.49586
103112,7. septembra,46.089836,14.508823
614021,Brglezov štradon,46.01004,14.501587
815042,ZG. Pirniče,46.14151,14.426354
303052,Pot na Fužine,46.056011,14.551225
415042,Selo,45.999229,14.657269
815011,Vikrče,46.12228,14.446165
204422,Ihan Emona,46.121273,14.61763
404121,Bizovik,46.037502,14.57114
815151,Preska,46.134663,14.411734
203072,Nove Žale,46.074524,14.532018
603121,Ižanska,46.036018,14.513099
603171,Opekarska,46.037384,14.503611
204121,BRNČIČEVA,46.093746,14.555819
104021,Kališnikov trg,46.093739,14.510587
603071,Pot na Rakovo jelšo,46.032867,14.501381
704101,Kozarje,46.031452,14.445827
703202,Ježkova,46.044769,14.46225
203211,Kranjčeva,46.069221,14.52589
603072,Pot na Rakovo jelšo,46.033329,14.501924
704182,Podvozna pot,46.035511,14.4609
405052,Besnica ambulanta,46.033226,14.687512
402031,Klinični center,46.052433,14.520597
404132,Dobrunje-2,46.038139,14.58295
805012,Medvoška a.p.,46.137974,14.415123
603144,Tbilisijska,46.034084,14.477067
404084,Križišče Sostro,46.037487,14.608483
804193,Pod Kamno Gorico,46.074257,14.455667
101032,Bežigrad,46.063519,14.511629
303032,Ob sotočju,46.054035,14.539985
704072,Radna,46.024437,14.42118
803032,Kompas,46.080235,14.480376
204214,Agrokombinatska,46.069695,14.603236
104202,Zg. Gameljne,46.125931,14.487072
803072,Tehnounion,46.086704,14.47993
300011,Kolodvor,46.057659,14.509347
103031,AMZS,46.077656,14.512012
803151,Draveljska gmajna,46.073818,14.461228
803211,Kovinarska,46.080406,14.491417
300014,SŽ KOLODVOR,46.057911,14.510148
703022,Cesta XV,46.045631,14.480826
803132,Bratov Učakar,46.069641,14.473516
803131,Bratov Učakar,46.069691,14.473123
602102,Gornji trg,46.045757,14.506405
104141,Pot v Hrastovec,46.108341,14.532182
815111,Kajakaška,46.117802,14.456541
406041,Prežganje šola,46.023342,14.730353
104091,Cesta na Brod,46.096611,14.546191
704051,Dolgi most Rotar,46.034039,14.453876
405011,Javor,46.040215,14.640107
102051,Podmilščakova,46.069813,14.5035
402061,Gornje Poljane,46.048935,14.522733
204232,Dragomelj,46.106461,14.594236
614101,Zidarjevec 2,46.004047,14.485861
804391,Kamnogoriška,46.083527,14.455612
203122,BTC-tržnica,46.064137,14.54355
102092,Kardeljeva ploščad,46.072613,14.51933
102081,Mercator,46.074173,14.511216
415082,Primožev ovinek,45.991966,14.658541
614041,Capuder,46.005997,14.491248
204083,Zadobrova,46.072594,14.5804
204471,Študa trgovina,46.130577,14.594985
204351,Cesta na Kope,46.074371,14.5832
204062,Hrastje,46.074799,14.563823
304021,Osenjakova,46.056145,14.560692
204462,Stadion Domžale,46.13633,14.600286
503042,Peruzzijeva,46.030331,14.531704
835012,Verje,46.143543,14.418136
103032,AMZS,46.077362,14.51225
303072,Brodarjev trg,46.054253,14.553328
204213,Agrokombinatska,46.069786,14.603301
804511,GLINCE,46.081589,14.441282
803171,Spar,46.076797,14.466884
614112,Jurečič,45.989647,14.452224
804381,Zapuže,46.083363,14.458467
804142,Tacenski most,46.118279,14.461996
102012,Samova,46.066757,14.504848
103162,Maroltova,46.079155,14.519899
805011,Medvoška a.p.,46.138283,14.413459
204402,Ihan Flerin,46.109676,14.621889
404031,Dobrunje,46.043274,14.579272
803181,KAMNA GORICA,46.079453,14.46512
625032,Staje,45.957447,14.513635
744012,Šolska,46.016609,14.414465
802021,Kino Šiška,46.069672,14.489463
404182,Dobrunjska c.,46.038548,14.57834
745061,JEZERO,45.970776,14.434675
614102,Zidarjevec 2,46.003738,14.484721
504071,Pod Hribom,46.006317,14.549175
403052,Emona,46.0476,14.545068
204482,Dragomelj - 1,46.110237,14.593427
104132,Pot v Smrečje,46.10928,14.528426
406071,Lanišče,46.045288,14.709576
703201,Ježkova,46.045315,14.462172
600022,Ajdovščina,46.053761,14.504131
604051,Pri Maranzu,46.007607,14.514395
303081,Nusdorferjeva,46.049301,14.547774
604041,Havptmance,46.000359,14.516712
203111,Kristalna palača,46.066956,14.542056
204112,Slovenijales,46.093533,14.553877
404062,Zadvor,46.040119,14.597842
303021,Zaloška,46.056095,14.539826
404093,Sostro,46.031719,14.604608
744022,Japelj,46.010239,14.412721
815181,Vaše,46.136986,14.402154
103182,Štajerska,46.076302,14.525114
304072,Polje,46.053757,14.583648
102072,Vodovodna,46.07539,14.505082
405122,Baron,46.038063,14.645587
704026,Brdo,46.047497,14.453823
815031,KS. Pirniče,46.137501,14.433369
104022,Kališnikov trg,46.093483,14.511303
501022,Zmajski most,46.052326,14.510248
602042,Tobačna,46.046963,14.493443
504032,Rudnik,46.017525,14.543324
204372,Za travniki,46.073818,14.588104
203022,Rožičeva,46.063412,14.532359
403072,Bilečanska,46.045769,14.544234
203121,BTC-tržnica,46.064262,14.543612
815182,Vaše,46.137306,14.401507
504081,Lavrica pri Malči,46.000313,14.555258
803161,Bratov Babnik,46.074638,14.462795
745043,NOT. GORICE,45.98782,14.401722
405081,Hlebš,46.045227,14.645023
303012,Tržnica Moste,46.055534,14.533978
404091,SOSTRO,46.031807,14.604355
504021,Spodnji Rudnik,46.023838,14.540038
803183,Kamna Gorica,46.078941,14.46657
204312,Hladilniška,46.062271,14.604209
703012,Rožna dolina,46.047905,14.482088
204051,LETALIŠKA P+R,46.063263,14.566776
406062,Volavlje,46.032249,14.716785
104362,GD Gameljne,46.126118,14.499509
614051,Zidarjevec,46.002819,14.482655
602061,Križanke,46.046207,14.501891
303082,Nusdorferjeva,46.049553,14.547837
803212,Kovinarska,46.080875,14.492028
501032,Lutkovno gl.,46.050354,14.510503
804361,STANEŽIČE nas.,46.108692,14.436565
804072,Medno,46.124935,14.436693
804102,Tabor,46.109222,14.461908
204313,ZALOG,46.06287,14.603294
704011,D. MOST P+R,46.036953,14.46368
204211,Agrokombinatska,46.06913,14.605268
603021,Gerbičeva,46.040836,14.489918
804011,Trata,46.087219,14.474073
625051,Iška vas,45.94059,14.511484
202021,Prekmurska,46.06488,14.517277
405051,Besnica ambulanta,46.033279,14.687283
504102,Škofljica Petkovšek,45.989532,14.566341
300012,Kolodvor,46.057571,14.511196
104162,Črnuče,46.103516,14.533932
304102,Vevče,46.049408,14.592624
405092,Vnajnarje,46.04208,14.64573
603041,Koprska,46.035366,14.484431
815202,Goričane kopališče,46.14283,14.391415
403022,Kodeljevo,46.051487,14.539051
404152,Zadvor-2,46.035881,14.596593
804231,Pržanec,46.086147,14.459642
804141,Tacenski most,46.117733,14.461617
301011,Friškovec,46.05743,14.518347
104142,Pot v Hrastovec,46.107491,14.532883
102032,Gasilska brigada,46.06815,14.516546
504091,Lavrica,45.997139,14.557926
203181,Bratislavska,46.066135,14.551472
104061,Elma,46.09882,14.526475
504112,Škofljica žaga,45.985836,14.571655
402011,Hrvatski trg,46.052498,14.516756
504122,Bobrova,46.024364,14.531842
503021,Rakovnik,46.036312,14.522804
804351,Dvor,46.105614,14.44287
104371,Stara Ježica,46.094559,14.515757
204251,Trbeže,46.078091,14.574941
404082,Križišče Sostro,46.037113,14.6078
304162,Kašeljska,46.054207,14.591943
204081,ZADOBROVA,46.071068,14.580005
415032,Veliki Lipoglav,46.005253,14.653082
104062,Elma,46.098354,14.527402
604023,Barje,46.016033,14.511757
406022,Trebeljevo,46.013554,14.738499
103202,Litostroj,46.082207,14.496925
805041,MEDVODE nas.,46.142487,14.406928
204132,Nadgorica,46.096771,14.558626
204191,Zeleni gaj,46.066391,14.612833
101062,Bratov Židan,46.065392,14.503077
405091,Vnajnarje,46.042156,14.645879
204172,BERIČEVO,46.089916,14.613207
105112,OŠ Domžale,46.142467,14.602495
502012,Poljanska,46.050323,14.514113
405102,Tinčk,46.038132,14.648054
614092,Snoj,45.990974,14.456561
504011,Gornji Rudnik,46.028107,14.535834
203192,Yulon,46.061871,14.550273
501031,Lutkovno gl.,46.050484,14.510652
602072,Mirje,46.04586,14.500716
204411,Ihan farma,46.115757,14.618396
104152,OŠ Maksa Pečarja,46.104973,14.534554
406021,Trebeljevo,46.013218,14.7383
815012,Vikrče,46.122292,14.446425
405031,Besnica šola,46.035515,14.65753
604052,Pri Maranzu,46.006786,14.514535
104051,Sava,46.100925,14.521701
804352,Dvor,46.106007,14.442182
105141,Domžale,46.139122,14.594016
304011,Preglov trg,46.05471,14.559114
745052,Podpeč,45.974007,14.42049
406011,Šemnikar,46.019505,14.717798
745022,Erbežnik,46.002083,14.413228
803031,Kompas,46.079945,14.480161
304122,Vevče Papirnica,46.047268,14.5943
704102,Kozarje,46.032074,14.44711
105122,Ljubljanaska,46.143867,14.598888
204011,Leskoškova,46.06208,14.558679
815102,Gostilna Kovač,46.128014,14.445022
703042,Viško polje,46.046375,14.469007
204392,Ihan Termit,46.102146,14.623838
304022,Osenjakova,46.055653,14.562208
703181,Večna pot,46.051319,14.479674
204271,Cesta v Kresnice,46.071465,14.636081
104092,Cesta na Brod,46.096161,14.546776
415052,Pance,45.988628,14.66366
203212,Kranjčeva,46.070721,14.525866
203242,BTC-Merkur,46.063812,14.547686
804241,STANEŽIČE P+R,46.106018,14.448266
204371,Za travniki,46.073875,14.588079
104341,Sp. Gameljne 2,46.120613,14.503759
805021,Medvode,46.141193,14.410758
204153,Šentjakob,46.090378,14.582712
704152,Cesta v Gorice,46.032341,14.464224
102011,Samova,46.067104,14.505334
403011,Jana Husa,46.053238,14.532815
614072,Lipe,45.997776,14.470941
804221,PODUTIK,46.074604,14.443898
604062,Ižica,46.004017,14.51543
815032,KS. Pirniče,46.137177,14.433927
102022,Topniška,46.06707,14.514739
304092,Cesta na Vevče,46.053875,14.58887
625042,Kot,45.951038,14.511849
204322,Sneberska,46.070267,14.596983
704162,C. dveh cesarjev,46.030853,14.479537
203161,Nove Jarše,46.070415,14.548994
415041,Selo,45.999302,14.657207
406061,Volavlje,46.032074,14.717381
503032,Akademija,46.032436,14.528572
402041,Bolnica,46.054237,14.528111
815021,Sp. Pirniče,46.134277,14.43896
704023,Brdo,46.047489,14.45362
703211,I. Kobilca,46.041664,14.463603
405101,Tinčk,46.038151,14.648045
203031,Tomačevska,46.069485,14.527669
614012,Plečnikova cerkev,46.012211,14.506648
404151,Zadvor-2,46.036057,14.596165
703121,Živalski vrt-ZOO,46.052132,14.472137
204111,Slovenijales,46.093906,14.552617
104352,Sp. Gameljne 3,46.123466,14.502864
103191,Božičeva,46.075722,14.520837
204441,Prelog Mngan,46.129093,14.611197
703052,Podmornica,46.047398,14.464309
204431,Prelog,46.123665,14.614361
502032,Streliška,46.044979,14.518373
204481,Dragomelj - 1,46.110229,14.593383
204472,Študa trgovina,46.129669,14.595061
204282,Pod Debnim vrhom,46.063335,14.624534
204072,Sneberje,46.076637,14.568354
404071,Cesta v Zavoglje,46.04026,14.602519
403031,Pod Golovcem,46.048561,14.529891
405111,BESNICA obrač.,46.035427,14.654818
204181,Center Zalog,46.060871,14.613598
804152,Tacen,46.120155,14.466866
104072,Šlandrova,46.097786,14.535887
304132,Silos,46.05777,14.60659
504082,Lavrica pri Malči,46.001583,14.554269
603101,Ilovica,46.027355,14.511669
625031,Staje,45.957378,14.513561
815191,Goričane pod gradom,46.140141,14.399461
104332,Sp. Gameljne 1,46.118088,14.505476
804412,Krivec,46.077991,14.45547
406052,Smrekarjevo,46.028904,14.726546
602041,Tobačna,46.047043,14.494323
415071,Pri Dogonivar,45.989292,14.657596
303041,ŠTEPANJSKO NAS.,46.053837,14.547819
404191,Pot heroja Trtnika,46.043736,14.595042
202032,Savske stolpnice,46.065926,14.523151
204222,Podgorica,46.097885,14.586969
204302,Ledena dvorana Zalog,46.062149,14.6064
504101,Škofljica Petkovšek,45.989559,14.566518
103041,Puhova,46.076454,14.519484
405022,Besnica,46.036812,14.650412
204154,Šentjakob,46.090469,14.582872
700011,Gosposvetska,46.054905,14.503717
415091,Pri Dolencu,46.017799,14.640197
744032,Brezovica pošta,46.02079,14.415983
405012,Javor,46.040199,14.64026
103022,Brinje,46.077972,14.506268
501011,Ilirska,46.053055,14.513493
103102,Stožice,46.08601,14.514098
614022,Brglezov štradon,46.009579,14.500181
602012,Cankarjev dom,46.050003,14.497364
804151,Tacen,46.120239,14.466937
504072,Pod Hribom,46.006435,14.548618
803092,Zgornja Šiška,46.071117,14.478365
415022,Podlipoglav,46.01696,14.623319
403043,Štepanja vas,46.048428,14.538531
702011,Pod Rožnikom,46.051216,14.492358
803071,Tehnounion,46.085869,14.480589
406031,Prežganje,46.020084,14.741069
415011,Sadinja vas,46.021717,14.612183
603092,Livada,46.033203,14.512451
815041,ZG. Pirniče,46.140682,14.427661
103131,Ruski car,46.090206,14.513775
603172,OPEKARSKA,46.037148,14.503912
702022,Študentsko naselje,46.049355,14.487494
204152,Šentjakob,46.09119,14.581615
204451,Zaboršt,46.133038,14.608284
504051,NS Rudnik,46.020256,14.535109
604061,Ižica,46.004795,14.515311
204151,Šentjakob,46.091404,14.582689
604022,Barje,46.015114,14.511875
402051,Glonarjeva,46.050301,14.526478
102082,Mercator,46.074581,14.511622
101061,Bratov Židan,46.0653,14.502942
614042,Capuder,46.005497,14.489564
803101,Tržnica Koseze,46.074005,14.475859
603201,Park varne mobilnosti,46.029957,14.492149
703021,Cesta XV,46.045948,14.480814
404101,Krožna pot,46.041225,14.555973
602122,Trnovo,46.041893,14.509812
815201,Goričane kopališče,46.142727,14.392156
204012,Leskoškova,46.061951,14.55844
204231,DRAGOMELJ,46.106327,14.594252
603261,ČRNI LOG,46.020241,14.463606
404052,KPL,46.041267,14.592929
804062,Stanežiče,46.116207,14.442273
704052,Dolgi most Rotar,46.033653,14.452146
404131,Dobrunje-2,46.038242,14.582726
304012,Preglov trg,46.05455,14.558475
815172,Vaše Helios,46.136364,14.405103
204381,Videm pri Ljubljani,46.089817,14.629241
804342,Oval,46.104065,14.449233
203232,Na Žalah,46.071674,14.52962
803142,Koseze,46.07222,14.467561
500011,Tavčarjeva,46.0546,14.506793
204161,Reaktor,46.091034,14.596399
703091,Vič,46.042103,14.477929
104361,GD Gameljne,46.125843,14.50035
625021,Ig,45.959793,14.517461
605082,Ig Petrol,45.962318,14.530527
304042,Chengdujska,46.054874,14.56765
204141,Belinka,46.091419,14.574871
603202,Park varne mobilnosti,46.030388,14.493136
406081,TUJI GRM,46.051102,14.720887
703011,Rožna dolina,46.048,14.482654
204162,Reaktor,46.090805,14.597398
745032,Mostiček,45.995949,14.406388
202042,Savsko naselje,46.062729,14.524755
405072,Zg. Besnica,46.025963,14.701799
403012,Jana Husa,46.053177,14.533083
703111,Dolgi most,46.0373,14.467279
203182,Bratislavska,46.065224,14.550884
101022,Parmova,46.063877,14.504646
204212,Agrokombinatska,46.069065,14.605742
104212,Rašica,46.127003,14.493204
103212,Baragova,46.076046,14.517007
415021,Podlipoglav,46.017006,14.62332
603161,Galjevica,46.033184,14.513371
102021,Topniška,46.067154,14.515008
404111,Hruševska,46.038902,14.569809
835011,Verje,46.143127,14.420214
203231,Na Žalah,46.072086,14.529728
704141,Zgornji log,46.032787,14.462171
603122,Ižanska,46.035587,14.512926
403023,Kodeljevo,46.051567,14.539461
404041,Pošta Dobrunje,46.041996,14.586348
804191,Pod Kamno gorico,46.0737,14.456132
603031,Krimska,46.03661,14.489424
614071,Lipe,45.997345,14.470194
614062,Rutar,45.99992,14.475585
204412,Ihan farma,46.115608,14.618559
403071,Bilečanska,46.046032,14.543988
802041,Bolnica P. Držaja,46.06744,14.485905
204291,Pot v mejah,46.061142,14.617203
405062,Besnica kamnolom,46.020279,14.710426
745031,Mostiček,45.997223,14.407908
804401,Dolnice,46.082066,14.450661
614052,Zidarjevec,46.002617,14.481927
204292,Pot v mejah,46.061092,14.617497
204321,Sneberska,46.070339,14.596972
204061,Hrastje,46.075058,14.563962
405041,Blaževo,46.032166,14.678075
801021,SŽ ŠIŠKA,46.061039,14.500232
404201,Sostro - 2,46.0331,14.604354
105101,SŠ Domžale,46.138412,14.60078
103021,Brinje,46.076756,14.505506
614061,Rutar,46.000443,14.476995
104122,Polanškova,46.106361,14.525635
203051,Kavčičeva,46.064049,14.53596
415072,Pri Dogonivar,45.989468,14.657285
104054,Sava,46.100613,14.521277
204042,Letališka,46.062035,14.570114
105111,OŠ Domžale,46.142094,14.602283
102052,Podmilščakova,46.069252,14.503558
204221,Podgorica,46.098118,14.586985
804172,Andreja Bitenca,46.086235,14.464992
103091,Gorjančeva,46.085064,14.50756
104011,SAVLJE,46.095177,14.503263
625041,Kot,45.951679,14.512155
704151,Cesta v Gorice,46.032284,14.464581
804171,Andreja Bitenca,46.085831,14.464863
101034,Kržičeva,46.06509,14.513805
803061,Ljubljanske brigade,46.079891,14.486789
815101,Gostilna Kovač,46.128819,14.444377
102091,Kardeljeva ploščad,46.071896,14.519063
804392,Kamnogoriška,46.083591,14.455598
204342,Cesta v Zajčjo Dobravo,46.072155,14.591822
304112,Petrol,46.056717,14.601719
105142,Domžale,46.139252,14.594285
104071,Šlandrova,46.097946,14.536026
103181,Štajerska,46.074558,14.524525
603111,Lahova pot,46.024426,14.511222
304161,Kašeljska,46.054638,14.592861
603061,Murgle,46.03854,14.499928
204452,Zaboršt,46.133011,14.608593
804162,IMP,46.089302,14.477258
504111,Škofljica žaga,45.986214,14.571328
805031,Novo naselje,46.141872,14.408999
614111,Jurečič,45.989456,14.451919
703051,Podmornica,46.047298,14.464708
614031,Dornig,46.008591,14.498006
204262,Podgrad,46.068665,14.637957
403032,Pod Golovcem,46.048416,14.529776
603143,Tbilisijska,46.034046,14.477324
702012,Pod Rožnikom,46.051105,14.491842
703212,I. Kobilca,46.04137,14.463234
815192,Goričane pod gradom,46.140106,14.39965
803162,Bratov Babnik,46.074669,14.463196
202041,Savsko naselje,46.062252,14.524204
104081,Obrtna cona,46.097794,14.542193
204341,Cesta v Zajčjo Dobravo,46.072639,14.591218
425012,Javor-2,46.012497,14.652763
703221,Cesta na Vrhovce,46.041718,14.459641
603211,Tomažičeva,46.038792,14.475564
804122,Brod,46.115635,14.462361
703192,Pot Rdečega križa,46.046894,14.461292
704161,C. dveh cesarjev,46.030514,14.480692
703031,Jamnikarjeva,46.044895,14.475148
804501,Zakrajškova,46.082161,14.443894
603252,Log,46.027409,14.46574
105121,Ljubljanska,46.143795,14.599154
804232,Pržanec,46.086311,14.459278
815211,Rakovnik pri Sori,46.141991,14.382187
704032,Vrhovci,46.044102,14.455626
204281,Pod Debnim vrhom,46.063381,14.624422
103121,Čerinova,46.090229,14.512219
815152,Preska,46.134754,14.411648
204362,Ostrovrhar,46.066273,14.636827
815212,Rakovnik pri Sori,46.142067,14.382442
804411,Krivec,46.078484,14.455399
204461,Stadion Domžale,46.135994,14.601001
204501,Študa polje,46.125076,14.594351
803172,Spar,46.076916,14.467461
103061,Pohorskega bataljona,46.082241,14.507273
603212,Tomažičeva,46.038288,14.475569
704031,Vrhovci,46.044033,14.455329
704071,Radna,46.024761,14.423697
203021,Rožičeva,46.063465,14.531915
704181,Podvozna pot,46.035645,14.462325
204391,Ihan Termit,46.102661,14.623425
204421,Ihan Emona,46.120911,14.617701
804144,Tacenski most,46.11813,14.461257
204361,Ostrovrhar,46.066586,14.636956
816032,Sora OŠ,46.142151,14.375755
816041,Sora,46.141663,14.373876
703191,Pot Rdečega križa,46.047157,14.461756
803182,Kamna Gorica,46.078503,14.467027
625062,Iška vas šola,45.943874,14.509403
204492,Goropečnikova,46.095219,14.584673
703032,Jamnikarjeva,46.045223,14.473973
815022,Sp. Pirniče,46.134533,14.438026
804104,Tabor,46.10886,14.462182
204382,Videm pri Ljubljani,46.089584,14.629319
204502,Študa polje,46.125744,14.594698
204442,Prelog Mngan,46.129406,14.611152
